{
	"info": {
		"_postman_id": "65f11fb4-1938-4f33-9a9f-1cc02d31f8ec",
		"name": "ServiceNow",
		"schema": "https://schema.getpostman.com/json/collection/v2.1.0/collection.json"
	},
	"item": [
		{
			"name": "Incident",
			"item": [
				{
					"name": "Get All Incident with xml Response",
					"request": {
						"auth": {
							"type": "basic",
							"basic": [
								{
									"key": "password",
									"value": "Tuna@123",
									"type": "string"
								},
								{
									"key": "username",
									"value": "admin",
									"type": "string"
								}
							]
						},
						"method": "GET",
						"header": [
							{
								"key": "Accept",
								"value": "application/xml",
								"type": "text"
							}
						],
						"url": {
							"raw": "https://dev79032.service-now.com/api/now/table/incident",
							"protocol": "https",
							"host": [
								"dev79032",
								"service-now",
								"com"
							],
							"path": [
								"api",
								"now",
								"table",
								"incident"
							],
							"query": [
								{
									"key": "",
									"value": "",
									"disabled": true
								}
							]
						}
					},
					"response": []
				},
				{
					"name": "Get an Incident",
					"request": {
						"auth": {
							"type": "basic",
							"basic": [
								{
									"key": "password",
									"value": "Tuna@123",
									"type": "string"
								},
								{
									"key": "username",
									"value": "admin",
									"type": "string"
								}
							]
						},
						"method": "GET",
						"header": [],
						"url": {
							"raw": "https://dev79032.service-now.com/api/now/table/incident/46f6ede0a9fe198100e10154c34a0c2a",
							"protocol": "https",
							"host": [
								"dev79032",
								"service-now",
								"com"
							],
							"path": [
								"api",
								"now",
								"table",
								"incident",
								"46f6ede0a9fe198100e10154c34a0c2a"
							]
						}
					},
					"response": []
				},
				{
					"name": "Get All Incident with Query Param",
					"request": {
						"auth": {
							"type": "basic",
							"basic": [
								{
									"key": "password",
									"value": "Tuna@123",
									"type": "string"
								},
								{
									"key": "username",
									"value": "admin",
									"type": "string"
								}
							]
						},
						"method": "GET",
						"header": [],
						"url": {
							"raw": "https://dev79032.service-now.com/api/now/table/incident?sysparm_fields=sys_id,number, category,short_description",
							"protocol": "https",
							"host": [
								"dev79032",
								"service-now",
								"com"
							],
							"path": [
								"api",
								"now",
								"table",
								"incident"
							],
							"query": [
								{
									"key": "sysparm_fields",
									"value": "sys_id,number, category,short_description"
								}
							]
						}
					},
					"response": []
				},
				{
					"name": "Get All Incident",
					"request": {
						"auth": {
							"type": "basic",
							"basic": [
								{
									"key": "password",
									"value": "Tuna@123",
									"type": "string"
								},
								{
									"key": "username",
									"value": "admin",
									"type": "string"
								}
							]
						},
						"method": "GET",
						"header": [],
						"url": {
							"raw": "https://dev79032.service-now.com/api/now/table/incident",
							"protocol": "https",
							"host": [
								"dev79032",
								"service-now",
								"com"
							],
							"path": [
								"api",
								"now",
								"table",
								"incident"
							],
							"query": [
								{
									"key": "sysparm_fields",
									"value": "sys_id,number, category,short_description",
									"disabled": true
								}
							]
						}
					},
					"response": []
				},
				{
					"name": "Create Incident without body",
					"event": [
						{
							"listen": "test",
							"script": {
								"exec": [
									"var response = pm.response.json();\r",
									"//get sys_id from response\r",
									"console.log(response.result.sys_id);\r",
									"\r",
									"pm.globals.set(\"sysID\", response.result.sys_id);\r",
									"\r",
									""
								],
								"type": "text/javascript"
							}
						}
					],
					"request": {
						"auth": {
							"type": "basic",
							"basic": [
								{
									"key": "password",
									"value": "Tuna@123",
									"type": "string"
								},
								{
									"key": "username",
									"value": "admin",
									"type": "string"
								}
							]
						},
						"method": "POST",
						"header": [],
						"url": {
							"raw": "https://dev79032.service-now.com/api/now/table/incident?sysparm_fields=sys_id,number, short_description",
							"protocol": "https",
							"host": [
								"dev79032",
								"service-now",
								"com"
							],
							"path": [
								"api",
								"now",
								"table",
								"incident"
							],
							"query": [
								{
									"key": "sysparm_fields",
									"value": "sys_id,number, short_description"
								}
							]
						}
					},
					"response": []
				},
				{
					"name": "Create Incident with body",
					"request": {
						"auth": {
							"type": "basic",
							"basic": [
								{
									"key": "password",
									"value": "Tuna@123",
									"type": "string"
								},
								{
									"key": "username",
									"value": "admin",
									"type": "string"
								}
							]
						},
						"method": "POST",
						"header": [],
						"body": {
							"mode": "raw",
							"raw": "{\r\n    \"short_description\": \"Display Issue\",\r\n    \"category\": \"hardware\"\r\n}",
							"options": {
								"raw": {
									"language": "json"
								}
							}
						},
						"url": {
							"raw": "https://dev79032.service-now.com/api/now/table/incident?sysparm_fields=sys_id,number, short_description, category",
							"protocol": "https",
							"host": [
								"dev79032",
								"service-now",
								"com"
							],
							"path": [
								"api",
								"now",
								"table",
								"incident"
							],
							"query": [
								{
									"key": "sysparm_fields",
									"value": "sys_id,number, short_description, category"
								}
							]
						}
					},
					"response": []
				},
				{
					"name": "Create Incident with body as File",
					"event": [
						{
							"listen": "test",
							"script": {
								"exec": [
									"var response = pm.response.json();\r",
									"//get sys_id from response\r",
									"console.log(response.result.sys_id);\r",
									"\r",
									"pm.globals.set(\"sysID\", response.result.sys_id);\r",
									"\r",
									""
								],
								"type": "text/javascript"
							}
						}
					],
					"request": {
						"auth": {
							"type": "basic",
							"basic": [
								{
									"key": "password",
									"value": "Tuna@123",
									"type": "string"
								},
								{
									"key": "username",
									"value": "admin",
									"type": "string"
								}
							]
						},
						"method": "POST",
						"header": [],
						"body": {
							"mode": "raw",
							"raw": "{\r\n    \"short_description\": \"{{short_description}}\",\r\n    \"category\": \"{{category}}\"\r\n}",
							"options": {
								"raw": {
									"language": "json"
								}
							}
						},
						"url": {
							"raw": "https://dev79032.service-now.com/api/now/table/incident?sysparm_fields=sys_id,number, short_description, category",
							"protocol": "https",
							"host": [
								"dev79032",
								"service-now",
								"com"
							],
							"path": [
								"api",
								"now",
								"table",
								"incident"
							],
							"query": [
								{
									"key": "sysparm_fields",
									"value": "sys_id,number, short_description, category"
								}
							]
						}
					},
					"response": []
				},
				{
					"name": "update Incident",
					"request": {
						"auth": {
							"type": "basic",
							"basic": [
								{
									"key": "password",
									"value": "Tuna@123",
									"type": "string"
								},
								{
									"key": "username",
									"value": "admin",
									"type": "string"
								}
							]
						},
						"method": "PUT",
						"header": [],
						"body": {
							"mode": "raw",
							"raw": "{\r\n    \"short_description\": \"memory issue\",\r\n    \"category\": \"hardware\"\r\n}",
							"options": {
								"raw": {
									"language": "json"
								}
							}
						},
						"url": {
							"raw": "https://dev79032.service-now.com/api/now/table/incident/{{sysID}}?sysparm_fields=sys_id,number, category,short_description",
							"protocol": "https",
							"host": [
								"dev79032",
								"service-now",
								"com"
							],
							"path": [
								"api",
								"now",
								"table",
								"incident",
								"{{sysID}}"
							],
							"query": [
								{
									"key": "sysparm_fields",
									"value": "sys_id,number, category,short_description"
								}
							]
						}
					},
					"response": []
				},
				{
					"name": "update Incident Copy",
					"request": {
						"auth": {
							"type": "basic",
							"basic": [
								{
									"key": "password",
									"value": "Tuna@123",
									"type": "string"
								},
								{
									"key": "username",
									"value": "admin",
									"type": "string"
								}
							]
						},
						"method": "DELETE",
						"header": [],
						"url": {
							"raw": "https://dev79032.service-now.com/api/now/table/incident/{{sysID}}",
							"protocol": "https",
							"host": [
								"dev79032",
								"service-now",
								"com"
							],
							"path": [
								"api",
								"now",
								"table",
								"incident",
								"{{sysID}}"
							],
							"query": [
								{
									"key": "sysparm_fields",
									"value": "sys_id,number, category,short_description",
									"disabled": true
								}
							]
						}
					},
					"response": []
				},
				{
					"name": "Create Incident with body Copy",
					"request": {
						"auth": {
							"type": "basic",
							"basic": [
								{
									"key": "password",
									"value": "Tuna@123",
									"type": "string"
								},
								{
									"key": "username",
									"value": "admin",
									"type": "string"
								}
							]
						},
						"method": "POST",
						"header": [],
						"body": {
							"mode": "raw",
							"raw": "{\r\n    \"short_description\": \"Display Issue\",\r\n    \"type\": \"emergency\"\r\n}",
							"options": {
								"raw": {
									"language": "json"
								}
							}
						},
						"url": {
							"raw": "https://dev79032.service-now.com/api/now/table/change_request?sysparm_fields=sys_id,number, short_description, category,type",
							"protocol": "https",
							"host": [
								"dev79032",
								"service-now",
								"com"
							],
							"path": [
								"api",
								"now",
								"table",
								"change_request"
							],
							"query": [
								{
									"key": "sysparm_fields",
									"value": "sys_id,number, short_description, category,type"
								}
							]
						}
					},
					"response": []
				}
			]
		}
	]
}